source_row_id,section,parameter_name,transport,control_number,range_text,default_text,device_scope,parameter_scope,source_document,source_page,evidence_status,implementation_gate,notes
base-p40-001,Patch and Voice,Patch Category,NRPN,0:0,0-14,0,Peak,patch,Peak 1.2 Manual / current Peak appendix base table,40,official_documented_unverified,enable_after_peak_nrpn_sequence_is_hardware_verified,
base-p40-002,Patch and Voice,Patch Genre,NRPN,0:1,0-9,0,Peak,patch,Peak 1.2 Manual / current Peak appendix base table,40,official_documented_unverified,enable_after_peak_nrpn_sequence_is_hardware_verified,
base-p40-003,Patch and Voice,Voice Mode,NRPN,0:2,0-4,3,Peak,patch,Peak 1.2 Manual / current Peak appendix base table,40,official_documented_unverified,enable_after_peak_nrpn_sequence_is_hardware_verified,
base-p40-004,Patch and Voice,Voice Unison,NRPN,0:3,0-4,0,Peak,patch,Peak 1.2 Manual / current Peak appendix base table,40,official_documented_unverified,enable_after_peak_nrpn_sequence_is_hardware_verified,
base-p40-005,Patch and Voice,Voice Unison Detune,NRPN,0:4,0-127,25,Peak,patch,Peak 1.2 Manual / current Peak appendix base table,40,official_documented_unverified,enable_after_peak_nrpn_sequence_is_hardware_verified,
base-p40-006,Patch and Voice,Voice Unison Spread,NRPN,0:5,0-127,0,Peak,patch,Peak 1.2 Manual / current Peak appendix base table,40,official_documented_unverified,enable_after_peak_nrpn_sequence_is_hardware_verified,
base-p40-007,Patch and Voice,Voice Keyboard Octave,NRPN,0:6,61-67 (-3 to +3),64 (0),Peak,patch,Peak 1.2 Manual / current Peak appendix base table,40,official_documented_unverified,enable_after_peak_nrpn_sequence_is_hardware_verified,
base-p40-008,Patch and Voice,Glide Time,CC,5,0-127 (0 to +127),0 (60),Peak,patch,Peak 1.2 Manual / current Peak appendix base table,40,official_documented_unverified,enable_after_bidirectional_hardware_smoke_test,
base-p40-009,Patch and Voice,Voice Pre-Glide,NRPN,0:7,52-76 (-12 to +12),64 (Off),Peak,patch,Peak 1.2 Manual / current Peak appendix base table,40,official_documented_unverified,enable_after_peak_nrpn_sequence_is_hardware_verified,
base-p40-010,Patch and Voice,Glide On,CC,35,0-1 (0 to +1),0 (0),Peak,patch,Peak 1.2 Manual / current Peak appendix base table,40,official_documented_unverified,enable_after_bidirectional_hardware_smoke_test,
base-p40-011,Oscillators,Osc Common Divergence,NRPN,0:9,0-127 (0 to +127),0 (0),Peak,patch,Peak 1.2 Manual / current Peak appendix base table,40,official_documented_unverified,enable_after_peak_nrpn_sequence_is_hardware_verified,
base-p40-012,Oscillators,Osc Common Drift,NRPN,0:10,0-127 (0 to +127),0 (0),Peak,patch,Peak 1.2 Manual / current Peak appendix base table,40,official_documented_unverified,enable_after_peak_nrpn_sequence_is_hardware_verified,
base-p40-013,Oscillators,Osc Common Noise LPF,NRPN,0:11,0-127 (0 to +127),127,Peak,patch,Peak 1.2 Manual / current Peak appendix base table,40,official_documented_unverified,enable_after_peak_nrpn_sequence_is_hardware_verified,
base-p40-014,Oscillators,Osc Common Noise HPF,NRPN,0:12,0-0 ( to+),(0),Peak,patch,Peak 1.2 Manual / current Peak appendix base table,40,official_document_conflict,blocked_until_hardware_verified,"The base/current MIDI table prints range 0-0, but the official 2.1 addendum specifies 0-127, initial value 0."
base-p40-015,Oscillators,Oscillator 1 Range,CC,3,63-66 (-1 to +2),64 (0),Peak,patch,Peak 1.2 Manual / current Peak appendix base table,40,official_documented_unverified,enable_after_bidirectional_hardware_smoke_test,
base-p40-016,Oscillators,Oscillator 1 Coarse,CC pair,"14,46",0-255 (-128 to +127),128 (0),Peak,patch,Peak 1.2 Manual / current Peak appendix base table,40,official_documented_unverified,blocked_until_peak_cc_pair_encoding_is_hardware_verified,Official documentation identifies two CC numbers and an 8-bit-looking 0-255 range but does not define the byte-combination algorithm.
base-p40-017,Oscillators,Oscillator 1 Fine,CC pair,"15,47",28-228 (-100 to +100),128 (0),Peak,patch,Peak 1.2 Manual / current Peak appendix base table,40,official_documented_unverified,blocked_until_peak_cc_pair_encoding_is_hardware_verified,Official documentation identifies two CC numbers and an 8-bit-looking 0-255 range but does not define the byte-combination algorithm.
base-p40-018,Oscillators,Oscillator 1 ModEnv2 > Pitch,CC,9,1-127 (-63 to +63),64 (0),Peak,patch,Peak 1.2 Manual / current Peak appendix base table,40,official_documented_unverified,enable_after_bidirectional_hardware_smoke_test,
base-p40-019,Oscillators,Oscillator 1 LFO2 > Pitch,CC pair,"16,48",1-255 (-127 to +127),128 (0),Peak,patch,Peak 1.2 Manual / current Peak appendix base table,40,official_documented_unverified,blocked_until_peak_cc_pair_encoding_is_hardware_verified,Official documentation identifies two CC numbers and an 8-bit-looking 0-255 range but does not define the byte-combination algorithm.
base-p40-020,Oscillators,Oscillator 1 Wave,NRPN,0:14,0-4 (0 to +4),0 (2),Peak,patch,Peak 1.2 Manual / current Peak appendix base table,40,official_documented_unverified,enable_after_peak_nrpn_sequence_is_hardware_verified,
base-p40-021,Oscillators,Oscillator 1 Wave More,NRPN,0:15,4-63 (4 to +63),0 (4),Peak,patch,Peak 1.2 Manual / current Peak appendix base table,40,official_documented_unverified,enable_after_peak_nrpn_sequence_is_hardware_verified,
base-p40-022,Oscillators,Oscillator 1 Shape Source,NRPN,0:16,0-2 (0 to +2),0 (0),Peak,patch,Peak 1.2 Manual / current Peak appendix base table,40,official_documented_unverified,enable_after_peak_nrpn_sequence_is_hardware_verified,
base-p40-023,Oscillators,Oscillator 1 Manual Shape,CC,12,0-127 (-64 to +63),64 (0),Peak,patch,Peak 1.2 Manual / current Peak appendix base table,40,official_documented_unverified,enable_after_bidirectional_hardware_smoke_test,
base-p40-024,Oscillators,Oscillator 1 ModEnv1 > Shape,CC,119,0-127 (-64 to +63),64 (0),Peak,patch,Peak 1.2 Manual / current Peak appendix base table,40,official_documented_unverified,enable_after_bidirectional_hardware_smoke_test,
base-p40-025,Oscillators,Oscillator 1 LFO1 > Shape,CC,33,0-127 (-64 to +63),64 (0),Peak,patch,Peak 1.2 Manual / current Peak appendix base table,40,official_documented_unverified,enable_after_bidirectional_hardware_smoke_test,
base-p40-026,Oscillators,Oscillator 1 Vsync,CC,34,0-127 (0 to +127),0 (0),Peak,patch,Peak 1.2 Manual / current Peak appendix base table,40,official_documented_unverified,enable_after_bidirectional_hardware_smoke_test,
base-p40-027,Oscillators,Oscillator 1 Saw Density,NRPN,0:17,0-127 (0 to +127),0 (0),Peak,patch,Peak 1.2 Manual / current Peak appendix base table,40,official_documented_unverified,enable_after_peak_nrpn_sequence_is_hardware_verified,
base-p40-028,Oscillators,Oscillator 1 Saw Density Detune,NRPN,0:18,0-127 (0 to +127),0,Peak,patch,Peak 1.2 Manual / current Peak appendix base table,40,official_documented_unverified,enable_after_peak_nrpn_sequence_is_hardware_verified,
base-p40-029,Oscillators,Oscillator 1 Fixed Note,NRPN,0:19,0-88 (0 to +88),0 (Off),Peak,patch,Peak 1.2 Manual / current Peak appendix base table,40,official_documented_unverified,enable_after_peak_nrpn_sequence_is_hardware_verified,
base-p40-030,Oscillators,Oscillator 1 Bend Range,NRPN,0:20,40-88 (-24 to +24),76,Peak,patch,Peak 1.2 Manual / current Peak appendix base table,40,official_documented_unverified,enable_after_peak_nrpn_sequence_is_hardware_verified,
base-p40-031,Oscillators,Oscillator 2 Range,CC,37,63-66 (-1 to +2),64 (0),Peak,patch,Peak 1.2 Manual / current Peak appendix base table,40,official_documented_unverified,enable_after_bidirectional_hardware_smoke_test,
base-p40-032,Oscillators,Oscillator 2 Coarse,CC pair,"17,49",0-255 (-128 to +127),64,Peak,patch,Peak 1.2 Manual / current Peak appendix base table,40,official_documented_unverified,blocked_until_peak_cc_pair_encoding_is_hardware_verified,Official documentation identifies two CC numbers and an 8-bit-looking 0-255 range but does not define the byte-combination algorithm.
base-p40-033,Oscillators,Oscillator 2 Fine,CC pair,"18,50",28-228 (-100 to +100),64,Peak,patch,Peak 1.2 Manual / current Peak appendix base table,40,official_documented_unverified,blocked_until_peak_cc_pair_encoding_is_hardware_verified,Official documentation identifies two CC numbers and an 8-bit-looking 0-255 range but does not define the byte-combination algorithm.
base-p40-034,Oscillators,Oscillator 2 ModEnv2 > Pitch,CC,38,1-127 (-63 to +63),64 (0),Peak,patch,Peak 1.2 Manual / current Peak appendix base table,40,official_documented_unverified,enable_after_bidirectional_hardware_smoke_test,
base-p40-035,Oscillators,Oscillator 2 LFO2>Pitch,CC pair,"19,51",1-255 (-127 to +127),64,Peak,patch,Peak 1.2 Manual / current Peak appendix base table,40,official_documented_unverified,blocked_until_peak_cc_pair_encoding_is_hardware_verified,Official documentation identifies two CC numbers and an 8-bit-looking 0-255 range but does not define the byte-combination algorithm.
base-p40-036,Oscillators,Oscillator 2 Wave,NRPN,0:23,0-4 (0 to +4),0 (2),Peak,patch,Peak 1.2 Manual / current Peak appendix base table,40,official_documented_unverified,enable_after_peak_nrpn_sequence_is_hardware_verified,
base-p40-037,Oscillators,Oscillator 2 Wave More,NRPN,0:24,4-63 (4 to +63),4 (4),Peak,patch,Peak 1.2 Manual / current Peak appendix base table,40,official_documented_unverified,enable_after_peak_nrpn_sequence_is_hardware_verified,
base-p40-038,Oscillators,Oscillator 2 Shape Source,NRPN,0:25,0-2 (0 to +2),0 (0),Peak,patch,Peak 1.2 Manual / current Peak appendix base table,40,official_documented_unverified,enable_after_peak_nrpn_sequence_is_hardware_verified,
base-p40-039,Oscillators,Oscillator 2 Manual Shape,CC,39,0-127 (-64 to +63),64 (35),Peak,patch,Peak 1.2 Manual / current Peak appendix base table,40,official_documented_unverified,enable_after_bidirectional_hardware_smoke_test,
base-p40-040,Oscillators,Oscillator 2 ModEnv1 > Shape,CC,40,0-127 (-64 to +63),64 (0),Peak,patch,Peak 1.2 Manual / current Peak appendix base table,40,official_documented_unverified,enable_after_bidirectional_hardware_smoke_test,
base-p40-041,Oscillators,Oscillator 2 LFO1 > Shape,CC,41,0-127 (-64 to +63),64 (0),Peak,patch,Peak 1.2 Manual / current Peak appendix base table,40,official_documented_unverified,enable_after_bidirectional_hardware_smoke_test,
base-p40-042,Oscillators,Oscillator 2 Vsync,CC,42,0-127 (0 to +127),0 (0),Peak,patch,Peak 1.2 Manual / current Peak appendix base table,40,official_documented_unverified,enable_after_bidirectional_hardware_smoke_test,
base-p40-043,Oscillators,Oscillator 2 Saw Density,NRPN,0:26,0-127 (0 to +127),0 (0),Peak,patch,Peak 1.2 Manual / current Peak appendix base table,40,official_documented_unverified,enable_after_peak_nrpn_sequence_is_hardware_verified,
base-p41-044,Oscillators,Oscillator 2 Saw Density Detune,NRPN,0:27,0-127 (0 to +127),0 (64),Peak,patch,Peak 1.2 Manual / current Peak appendix base table,41,official_documented_unverified,enable_after_peak_nrpn_sequence_is_hardware_verified,
base-p41-045,Oscillators,Oscillator 2 Fixed Note,NRPN,0:28,0-88 (0 to +88),0 (Off),Peak,patch,Peak 1.2 Manual / current Peak appendix base table,41,official_documented_unverified,enable_after_peak_nrpn_sequence_is_hardware_verified,
base-p41-046,Oscillators,Oscillator 2 Bend Range,NRPN,0:29,40-88 (-24 to +24),76 (12),Peak,patch,Peak 1.2 Manual / current Peak appendix base table,41,official_documented_unverified,enable_after_peak_nrpn_sequence_is_hardware_verified,
base-p41-047,Oscillators,Oscillator 3 Range,CC,65,63-66 (-1 to +2),64 (-1),Peak,patch,Peak 1.2 Manual / current Peak appendix base table,41,official_documented_unverified,enable_after_bidirectional_hardware_smoke_test,
base-p41-048,Oscillators,Oscillator 3 Coarse,CC pair,"20,52",0-255 (-128 to +127),128 (0),Peak,patch,Peak 1.2 Manual / current Peak appendix base table,41,official_documented_unverified,blocked_until_peak_cc_pair_encoding_is_hardware_verified,Official documentation identifies two CC numbers and an 8-bit-looking 0-255 range but does not define the byte-combination algorithm.
base-p41-049,Oscillators,Oscillator 3 Fine,CC pair,"21,53",28-228 (-100 to +100),128 (0),Peak,patch,Peak 1.2 Manual / current Peak appendix base table,41,official_documented_unverified,blocked_until_peak_cc_pair_encoding_is_hardware_verified,Official documentation identifies two CC numbers and an 8-bit-looking 0-255 range but does not define the byte-combination algorithm.
base-p41-050,Oscillators,Oscillator 3 ModEnv2 > Pitch,CC,43,1-127 (-63 to +63),64 (0),Peak,patch,Peak 1.2 Manual / current Peak appendix base table,41,official_documented_unverified,enable_after_bidirectional_hardware_smoke_test,
base-p41-051,Oscillators,Oscillator 3 LFO2 > Pitch,CC pair,"22,54",1-255 (-127 to +127),128 (0),Peak,patch,Peak 1.2 Manual / current Peak appendix base table,41,official_documented_unverified,blocked_until_peak_cc_pair_encoding_is_hardware_verified,Official documentation identifies two CC numbers and an 8-bit-looking 0-255 range but does not define the byte-combination algorithm.
base-p41-052,Oscillators,Oscillator 3 Wave,NRPN,0:32,0-4 (0 to +4),0 (2),Peak,patch,Peak 1.2 Manual / current Peak appendix base table,41,official_documented_unverified,enable_after_peak_nrpn_sequence_is_hardware_verified,
base-p41-053,Oscillators,Oscillator 3 Wave More,NRPN,0:33,4-63 (4 to +63),0 (4),Peak,patch,Peak 1.2 Manual / current Peak appendix base table,41,official_documented_unverified,enable_after_peak_nrpn_sequence_is_hardware_verified,
base-p41-054,Oscillators,Oscillator 3 Shape Source,NRPN,0:34,0-2 (0 to +2),0 (0),Peak,patch,Peak 1.2 Manual / current Peak appendix base table,41,official_documented_unverified,enable_after_peak_nrpn_sequence_is_hardware_verified,
base-p41-055,Oscillators,Oscillator 3 Manual Shape,CC,71,0-127 (-64 to +63),64 (0),Peak,patch,Peak 1.2 Manual / current Peak appendix base table,41,official_documented_unverified,enable_after_bidirectional_hardware_smoke_test,
base-p41-056,Oscillators,Oscillator 3 ModEnv1 > Shape,CC,72,0-127 (-64 to +63),64 (0),Peak,patch,Peak 1.2 Manual / current Peak appendix base table,41,official_documented_unverified,enable_after_bidirectional_hardware_smoke_test,
base-p41-057,Oscillators,Oscillator 3 LFO1 > Shape,CC,73,0-127 (-64 to +63),64 (0),Peak,patch,Peak 1.2 Manual / current Peak appendix base table,41,official_documented_unverified,enable_after_bidirectional_hardware_smoke_test,
base-p41-058,Oscillators,Oscillator 3 Vsync,CC,44,0-127 (0 to +127),0 (0),Peak,patch,Peak 1.2 Manual / current Peak appendix base table,41,official_documented_unverified,enable_after_bidirectional_hardware_smoke_test,
base-p41-059,Oscillators,Oscillator 3 Saw Density,NRPN,0:35,0-127 (0 to +127),0 (0),Peak,patch,Peak 1.2 Manual / current Peak appendix base table,41,official_documented_unverified,enable_after_peak_nrpn_sequence_is_hardware_verified,
base-p41-060,Oscillators,Oscillator 3 Saw Density Detune,NRPN,0:36,0-127 (0 to +127),0 (64),Peak,patch,Peak 1.2 Manual / current Peak appendix base table,41,official_documented_unverified,enable_after_peak_nrpn_sequence_is_hardware_verified,
base-p41-061,Oscillators,Oscillator 3 Fixed Note,NRPN,0:37,0-88 (0 to +88),0 (Off),Peak,patch,Peak 1.2 Manual / current Peak appendix base table,41,official_documented_unverified,enable_after_peak_nrpn_sequence_is_hardware_verified,
base-p41-062,Oscillators,Oscillator 3 Bend Range,NRPN,0:38,40-88 (-24 to +24),76 (12),Peak,patch,Peak 1.2 Manual / current Peak appendix base table,41,official_documented_unverified,enable_after_peak_nrpn_sequence_is_hardware_verified,
base-p41-063,Mixer,Mixer Osc1,CC pair,"23,55",0-255 (0 to +255),255,Peak,patch,Peak 1.2 Manual / current Peak appendix base table,41,official_documented_unverified,blocked_until_peak_cc_pair_encoding_is_hardware_verified,Official documentation identifies two CC numbers and an 8-bit-looking 0-255 range but does not define the byte-combination algorithm.
base-p41-064,Mixer,Mixer Osc2,CC pair,"24,56",0-255 (0 to +255),0 (0),Peak,patch,Peak 1.2 Manual / current Peak appendix base table,41,official_documented_unverified,blocked_until_peak_cc_pair_encoding_is_hardware_verified,Official documentation identifies two CC numbers and an 8-bit-looking 0-255 range but does not define the byte-combination algorithm.
base-p41-065,Mixer,Mixer Osc3,CC pair,"25,57",0-255 (0 to +255),0 (0),Peak,patch,Peak 1.2 Manual / current Peak appendix base table,41,official_documented_unverified,blocked_until_peak_cc_pair_encoding_is_hardware_verified,Official documentation identifies two CC numbers and an 8-bit-looking 0-255 range but does not define the byte-combination algorithm.
base-p41-066,Mixer,Ring 1*2,CC pair,"26,58",0-255 (0 to +255),0 (0),Peak,patch,Peak 1.2 Manual / current Peak appendix base table,41,official_documented_unverified,blocked_until_peak_cc_pair_encoding_is_hardware_verified,Official documentation identifies two CC numbers and an 8-bit-looking 0-255 range but does not define the byte-combination algorithm.
base-p41-067,Mixer,Noise Level,CC pair,"27,59",0-255 (0 to +255),0 (0),Peak,patch,Peak 1.2 Manual / current Peak appendix base table,41,official_documented_unverified,blocked_until_peak_cc_pair_encoding_is_hardware_verified,Official documentation identifies two CC numbers and an 8-bit-looking 0-255 range but does not define the byte-combination algorithm.
base-p41-068,Mixer,Mixer Patch Level,NRPN,0:41,0-127 (0 to +127),64,Peak,patch,Peak 1.2 Manual / current Peak appendix base table,41,official_documented_unverified,enable_after_peak_nrpn_sequence_is_hardware_verified,
base-p41-069,Mixer,Mixer VCA Gain,NRPN,0:42,0-127 (0 to +127),127,Peak,patch,Peak 1.2 Manual / current Peak appendix base table,41,official_documented_unverified,enable_after_peak_nrpn_sequence_is_hardware_verified,
base-p41-070,Mixer,Mixer Dry Level,NRPN,0:43,0-127 (0 to +127),127,Peak,patch,Peak 1.2 Manual / current Peak appendix base table,41,official_documented_unverified,enable_after_peak_nrpn_sequence_is_hardware_verified,
base-p41-071,Mixer,Mixer Wet Level,NRPN,0:44,0-127 (0 to +127),127,Peak,patch,Peak 1.2 Manual / current Peak appendix base table,41,official_documented_unverified,enable_after_peak_nrpn_sequence_is_hardware_verified,
base-p41-072,Filter,Filter Overdrive,CC,80,0-127 (0 to +127),0 (0),Peak,patch,Peak 1.2 Manual / current Peak appendix base table,41,official_documented_unverified,enable_after_bidirectional_hardware_smoke_test,
base-p41-073,Filter,Filter Post Drive,CC,36,0-127 (0 to +127),0 (0),Peak,patch,Peak 1.2 Manual / current Peak appendix base table,41,official_documented_unverified,enable_after_bidirectional_hardware_smoke_test,
base-p41-074,Filter,Filter Slope,NRPN,0:45,0-1 (0 to +1),1,Peak,patch,Peak 1.2 Manual / current Peak appendix base table,41,official_documented_unverified,enable_after_peak_nrpn_sequence_is_hardware_verified,
base-p41-075,Filter,Filter Shape,NRPN,0:46,0-2 (0 to +2),0 (0),Peak,patch,Peak 1.2 Manual / current Peak appendix base table,41,official_documented_unverified,enable_after_peak_nrpn_sequence_is_hardware_verified,
base-p41-076,Filter,Filter Key Tracking,CC,75,0-127 (0 to +127),127,Peak,patch,Peak 1.2 Manual / current Peak appendix base table,41,official_documented_unverified,enable_after_bidirectional_hardware_smoke_test,
base-p41-077,Filter,Filter Resonance,CC,79,0-127 (0 to +127),0 (0),Peak,patch,Peak 1.2 Manual / current Peak appendix base table,41,official_documented_unverified,enable_after_bidirectional_hardware_smoke_test,
base-p41-078,Filter,Filter Frequency,CC pair,"29,61",0-255 (0 to +255),0 (255),Peak,patch,Peak 1.2 Manual / current Peak appendix base table,41,official_documented_unverified,blocked_until_peak_cc_pair_encoding_is_hardware_verified,Official documentation identifies two CC numbers and an 8-bit-looking 0-255 range but does not define the byte-combination algorithm.
base-p41-079,Filter,Filter LFO1 > Filter,CC pair,"28,60",1-255 (-127 to +127),128 (0),Peak,patch,Peak 1.2 Manual / current Peak appendix base table,41,official_documented_unverified,blocked_until_peak_cc_pair_encoding_is_hardware_verified,Official documentation identifies two CC numbers and an 8-bit-looking 0-255 range but does not define the byte-combination algorithm.
base-p41-080,Filter,Filter Osc3 > Filter,CC,76,0-127 (0 to +127),0 (0),Peak,patch,Peak 1.2 Manual / current Peak appendix base table,41,official_documented_unverified,enable_after_bidirectional_hardware_smoke_test,
base-p41-081,Filter,Filter Env Select,NRPN,0:47,0-1 (0 to +1),0 (1),Peak,patch,Peak 1.2 Manual / current Peak appendix base table,41,official_documented_unverified,enable_after_peak_nrpn_sequence_is_hardware_verified,
base-p41-082,Filter,Filter AmpEnv > Filter,CC,77,1-127 (-63 to +63),64 (0),Peak,patch,Peak 1.2 Manual / current Peak appendix base table,41,official_documented_unverified,enable_after_bidirectional_hardware_smoke_test,
base-p41-083,Filter,Filter ModEnv1 > Filter,CC,78,1-127 (-63 to +63),64 (0),Peak,patch,Peak 1.2 Manual / current Peak appendix base table,41,official_documented_unverified,enable_after_bidirectional_hardware_smoke_test,
base-p41-084,Filter,Filter Divergence,NRPN,0:48,0-127 (0 to +127),0 (0),Peak,patch,Peak 1.2 Manual / current Peak appendix base table,41,official_documented_unverified,enable_after_peak_nrpn_sequence_is_hardware_verified,
base-p41-085,Envelopes,Amp Envelope Attack,CC,86,0-127 (0 to +127),0,Peak,patch,Peak 1.2 Manual / current Peak appendix base table,41,official_documented_unverified,enable_after_bidirectional_hardware_smoke_test,
base-p41-086,Envelopes,Amp Envelope Decay,CC,87,0-127 (0 to +127),90,Peak,patch,Peak 1.2 Manual / current Peak appendix base table,41,official_documented_unverified,enable_after_bidirectional_hardware_smoke_test,
base-p41-087,Envelopes,Amp Envelope Sustain,CC,88,0-127 (0 to +127),127,Peak,patch,Peak 1.2 Manual / current Peak appendix base table,41,official_documented_unverified,enable_after_bidirectional_hardware_smoke_test,
base-p41-088,Envelopes,Amp Envelope Release,CC,89,0-127 (0 to +127),40,Peak,patch,Peak 1.2 Manual / current Peak appendix base table,41,official_documented_unverified,enable_after_bidirectional_hardware_smoke_test,
base-p41-089,Envelopes,Amp Envelope Velocity,NRPN,0:55,0-127 (-64 to +63),64 (0),Peak,patch,Peak 1.2 Manual / current Peak appendix base table,41,official_documented_unverified,enable_after_peak_nrpn_sequence_is_hardware_verified,
base-p41-090,Envelopes,Amp Envelope Trigger,NRPN,0:56,0-1 (0 to +1),0,Peak,patch,Peak 1.2 Manual / current Peak appendix base table,41,official_documented_unverified,enable_after_peak_nrpn_sequence_is_hardware_verified,
base-p41-091,Envelopes,Mod Envelope Select,NRPN,0:59,0-1 (0 to +1),0 (1),Peak,patch,Peak 1.2 Manual / current Peak appendix base table,41,official_documented_unverified,enable_after_peak_nrpn_sequence_is_hardware_verified,
base-p41-092,Envelopes,Mod Envelope 1 Attack,CC,90,0-127 (0 to +127),0,Peak,patch,Peak 1.2 Manual / current Peak appendix base table,41,official_documented_unverified,enable_after_bidirectional_hardware_smoke_test,
base-p41-093,Envelopes,Mod Envelope 1 Decay,CC,91,0-127 (0 to +127),75,Peak,patch,Peak 1.2 Manual / current Peak appendix base table,41,official_documented_unverified,enable_after_bidirectional_hardware_smoke_test,
base-p41-094,Envelopes,Mod Envelope 1 Sustain,CC,92,0-127 (0 to +127),35,Peak,patch,Peak 1.2 Manual / current Peak appendix base table,41,official_documented_unverified,enable_after_bidirectional_hardware_smoke_test,
base-p41-095,Envelopes,Mod Envelope 1 Release,CC,93,0-127 (0 to +127),45,Peak,patch,Peak 1.2 Manual / current Peak appendix base table,41,official_documented_unverified,enable_after_bidirectional_hardware_smoke_test,
base-p41-096,Envelopes,Mod Envelope 1 Velocity,NRPN,0:60,0-127 (-64 to +63),64 (0),Peak,patch,Peak 1.2 Manual / current Peak appendix base table,41,official_documented_unverified,enable_after_peak_nrpn_sequence_is_hardware_verified,
base-p41-097,Envelopes,Mod Envelope 1 Trigger,NRPN,0:61,0-1 (0 to +1),0 (1),Peak,patch,Peak 1.2 Manual / current Peak appendix base table,41,official_documented_unverified,enable_after_peak_nrpn_sequence_is_hardware_verified,
base-p41-098,Envelopes,Mod Envelope 2 Attack,CC,94,0-127 (0 to +127),0,Peak,patch,Peak 1.2 Manual / current Peak appendix base table,41,official_documented_unverified,enable_after_bidirectional_hardware_smoke_test,
base-p41-099,Envelopes,Mod Envelope 2 Decay,CC,95,0-127 (0 to +127),75,Peak,patch,Peak 1.2 Manual / current Peak appendix base table,41,official_documented_unverified,enable_after_bidirectional_hardware_smoke_test,
base-p41-100,Envelopes,Mod Envelope 2 Sustain,CC,117,0-127 (0 to +127),35,Peak,patch,Peak 1.2 Manual / current Peak appendix base table,41,official_documented_unverified,enable_after_bidirectional_hardware_smoke_test,
base-p41-101,Envelopes,Mod Envelope 2 Release,CC,103,0-127 (0 to +127),45,Peak,patch,Peak 1.2 Manual / current Peak appendix base table,41,official_documented_unverified,enable_after_bidirectional_hardware_smoke_test,
base-p41-102,Envelopes,Mod Envelope 2 Velocity,NRPN,0:64,0-127 (-64 to +63),64 (0),Peak,patch,Peak 1.2 Manual / current Peak appendix base table,41,official_documented_unverified,enable_after_peak_nrpn_sequence_is_hardware_verified,
base-p41-103,Envelopes,Mod Envelope 2 Trigger,NRPN,0:65,0-1 (0 to +1),0 (1),Peak,patch,Peak 1.2 Manual / current Peak appendix base table,41,official_documented_unverified,enable_after_peak_nrpn_sequence_is_hardware_verified,
base-p41-104,LFOs,LFO 1 Range,NRPN,0:68,0-2 (0 to +2),0 (0),Peak,patch,Peak 1.2 Manual / current Peak appendix base table,41,official_documented_unverified,enable_after_peak_nrpn_sequence_is_hardware_verified,
base-p41-105,LFOs,LFO 1 Rate,CC pair,"30,62",0-255 (0 to +255),128,Peak,patch,Peak 1.2 Manual / current Peak appendix base table,41,official_documented_unverified,blocked_until_peak_cc_pair_encoding_is_hardware_verified,Official documentation identifies two CC numbers and an 8-bit-looking 0-255 range but does not define the byte-combination algorithm.
base-p41-106,LFOs,LFO 1 Sync Rate,CC,81,0-34 (0 to +34),16,Peak,patch,Peak 1.2 Manual / current Peak appendix base table,41,official_documented_unverified,enable_after_bidirectional_hardware_smoke_test,
base-p41-107,LFOs,LFO 1 Wave,NRPN,0:69,0-3 (0 to +3),0 (0),Peak,patch,Peak 1.2 Manual / current Peak appendix base table,41,official_documented_unverified,enable_after_peak_nrpn_sequence_is_hardware_verified,
base-p41-108,LFOs,LFO 1 Phase,NRPN,0:70,0-120 (0 to +120),0 (0),Peak,patch,Peak 1.2 Manual / current Peak appendix base table,41,official_documented_unverified,enable_after_peak_nrpn_sequence_is_hardware_verified,
base-p41-109,LFOs,LFO 1 Slew,NRPN,0:71,0-127 (0 to +127),0 (0),Peak,patch,Peak 1.2 Manual / current Peak appendix base table,41,official_documented_unverified,enable_after_peak_nrpn_sequence_is_hardware_verified,
base-p41-110,LFOs,LFO 1 Fade Time,CC,82,0-127 (0 to +127),0 (0),Peak,patch,Peak 1.2 Manual / current Peak appendix base table,41,official_documented_unverified,enable_after_bidirectional_hardware_smoke_test,
base-p41-111,LFOs,LFO 1 Fade In/Out,NRPN,0:72,0-3 (0 to +3),0 (0),Peak,patch,Peak 1.2 Manual / current Peak appendix base table,41,official_documented_unverified,enable_after_peak_nrpn_sequence_is_hardware_verified,
base-p41-112,LFOs,LFO 1 One Shot,NRPN,0:75,0-1 (0 to +1),0 (0),Peak,patch,Peak 1.2 Manual / current Peak appendix base table,41,official_documented_unverified,enable_after_peak_nrpn_sequence_is_hardware_verified,
base-p41-113,LFOs,LFO 1 Common,NRPN,0:76,0-1 (0 to +1),0 (0),Peak,patch,Peak 1.2 Manual / current Peak appendix base table,41,official_documented_unverified,enable_after_peak_nrpn_sequence_is_hardware_verified,
base-p41-114,LFOs,LFO 2 Range,CC,83,0-2 (0 to +2),0 (0),Peak,patch,Peak 1.2 Manual / current Peak appendix base table,41,official_documented_unverified,enable_after_bidirectional_hardware_smoke_test,
base-p41-115,LFOs,LFO 2 Rate,CC pair,"31,63",0-255 (0 to +255),128,Peak,patch,Peak 1.2 Manual / current Peak appendix base table,41,official_documented_unverified,blocked_until_peak_cc_pair_encoding_is_hardware_verified,Official documentation identifies two CC numbers and an 8-bit-looking 0-255 range but does not define the byte-combination algorithm.
base-p41-116,LFOs,LFO 2 Sync Rate,CC,84,0-34 (0 to +34),0 (12),Peak,patch,Peak 1.2 Manual / current Peak appendix base table,41,official_documented_unverified,enable_after_bidirectional_hardware_smoke_test,
base-p41-117,LFOs,LFO 2 Wave,NRPN,0:78,0-3 (0 to +3),0 (0),Peak,patch,Peak 1.2 Manual / current Peak appendix base table,41,official_documented_unverified,enable_after_peak_nrpn_sequence_is_hardware_verified,
base-p41-118,LFOs,LFO 2 Phase,NRPN,0:79,0-120 (0 to +120),0 (0),Peak,patch,Peak 1.2 Manual / current Peak appendix base table,41,official_documented_unverified,enable_after_peak_nrpn_sequence_is_hardware_verified,
base-p41-119,LFOs,LFO 2 Slew,NRPN,0:80,0-127 (0 to +127),0 (0),Peak,patch,Peak 1.2 Manual / current Peak appendix base table,41,official_documented_unverified,enable_after_peak_nrpn_sequence_is_hardware_verified,
base-p41-120,LFOs,LFO 2 Fade Time,CC,85,0-127 (0 to +127),0 (0),Peak,patch,Peak 1.2 Manual / current Peak appendix base table,41,official_documented_unverified,enable_after_bidirectional_hardware_smoke_test,
base-p41-121,LFOs,LFO 2 Fade In/Out,NRPN,0:81,0-3 (0 to +3),0 (0),Peak,patch,Peak 1.2 Manual / current Peak appendix base table,41,official_documented_unverified,enable_after_peak_nrpn_sequence_is_hardware_verified,
base-p41-122,LFOs,LFO 2 One Shot,NRPN,0:84,0-1 (0 to +1),0 (0),Peak,patch,Peak 1.2 Manual / current Peak appendix base table,41,official_documented_unverified,enable_after_peak_nrpn_sequence_is_hardware_verified,
base-p41-123,LFOs,LFO 2 Common,NRPN,0:85,0-1 (0 to +1),0 (0),Peak,patch,Peak 1.2 Manual / current Peak appendix base table,41,official_documented_unverified,enable_after_peak_nrpn_sequence_is_hardware_verified,
base-p42-124,Effects,Distortion Level,CC,104,0-127 (0 to +127),0 (0),Peak,patch,Peak 1.2 Manual / current Peak appendix base table,42,official_documented_unverified,enable_after_bidirectional_hardware_smoke_test,
base-p42-125,Effects,Effects Master Bypass,NRPN,0:88,0-1 (0 to +1),0 (0),Peak,patch,Peak 1.2 Manual / current Peak appendix base table,42,official_documented_unverified,enable_after_peak_nrpn_sequence_is_hardware_verified,
base-p42-126,Effects,Effects Routing,NRPN,0:89,0-6 (0 to +6),0 (0),Peak,patch,Peak 1.2 Manual / current Peak appendix base table,42,official_documented_unverified,enable_after_peak_nrpn_sequence_is_hardware_verified,
base-p42-127,Effects,Delay Level,CC,108,0-127 (0 to +127),0 (0),Peak,patch,Peak 1.2 Manual / current Peak appendix base table,42,official_documented_unverified,enable_after_bidirectional_hardware_smoke_test,
base-p42-128,Effects,Delay Time,CC,109,0-127 (0 to +127),0 (64),Peak,patch,Peak 1.2 Manual / current Peak appendix base table,42,official_documented_unverified,enable_after_bidirectional_hardware_smoke_test,
base-p42-129,Effects,Delay Width,NRPN,0:92,0-127 (0 to +127),0 (64),Peak,patch,Peak 1.2 Manual / current Peak appendix base table,42,official_documented_unverified,enable_after_peak_nrpn_sequence_is_hardware_verified,
base-p42-130,Effects,Delay Sync,NRPN,0:93,0-1 (0 to +1),0 (0),Peak,patch,Peak 1.2 Manual / current Peak appendix base table,42,official_documented_unverified,enable_after_peak_nrpn_sequence_is_hardware_verified,
base-p42-131,Effects,Delay Sync Time,NRPN,0:94,0-18 (0 to +18),0 (4),Peak,patch,Peak 1.2 Manual / current Peak appendix base table,42,official_documented_unverified,enable_after_peak_nrpn_sequence_is_hardware_verified,
base-p42-132,Effects,Delay Feedback,CC,110,0-127 (0 to +127),0 (64),Peak,patch,Peak 1.2 Manual / current Peak appendix base table,42,official_documented_unverified,enable_after_bidirectional_hardware_smoke_test,
base-p42-133,Effects,Delay LP Damp,NRPN,0:95,0-127 (0 to +127),85,Peak,patch,Peak 1.2 Manual / current Peak appendix base table,42,official_documented_unverified,enable_after_peak_nrpn_sequence_is_hardware_verified,
base-p42-134,Effects,Delay HP Damp,NRPN,0:96,0-127 (0 to +127),0 (0),Peak,patch,Peak 1.2 Manual / current Peak appendix base table,42,official_documented_unverified,enable_after_peak_nrpn_sequence_is_hardware_verified,
base-p42-135,Effects,Delay Slew Rate,NRPN,0:97,0-127 (0 to +127),32,Peak,patch,Peak 1.2 Manual / current Peak appendix base table,42,official_documented_unverified,enable_after_peak_nrpn_sequence_is_hardware_verified,
base-p42-136,Effects,Reverb Level,CC,112,0-127 (0 to +127),0 (0),Peak,patch,Peak 1.2 Manual / current Peak appendix base table,42,official_documented_unverified,enable_after_bidirectional_hardware_smoke_test,
base-p42-137,Effects,Reverb Type,NRPN,0:101,0-2 (0 to +2),2,Peak,patch,Peak 1.2 Manual / current Peak appendix base table,42,official_documented_unverified,enable_after_peak_nrpn_sequence_is_hardware_verified,
base-p42-138,Effects,Reverb Time,CC,113,0-127 (0 to +127),0 (90),Peak,patch,Peak 1.2 Manual / current Peak appendix base table,42,official_documented_unverified,enable_after_bidirectional_hardware_smoke_test,
base-p42-139,Effects,Reverb Damping LP,NRPN,0:102,0-127 (0 to +127),0 (50),Peak,patch,Peak 1.2 Manual / current Peak appendix base table,42,official_documented_unverified,enable_after_peak_nrpn_sequence_is_hardware_verified,
base-p42-140,Effects,Reverb Damping HP,NRPN,0:103,0-127 (0 to +127),0 (1),Peak,patch,Peak 1.2 Manual / current Peak appendix base table,42,official_documented_unverified,enable_after_peak_nrpn_sequence_is_hardware_verified,
base-p42-141,Effects,Reverb Size,NRPN,0:104,0-127 (0 to +127),64,Peak,patch,Peak 1.2 Manual / current Peak appendix base table,42,official_documented_unverified,enable_after_peak_nrpn_sequence_is_hardware_verified,
base-p42-142,Effects,Reverb Mod,NRPN,0:105,0-127 (0 to +127),64,Peak,patch,Peak 1.2 Manual / current Peak appendix base table,42,official_documented_unverified,enable_after_peak_nrpn_sequence_is_hardware_verified,
base-p42-143,Effects,Reverb Mod Rate,NRPN,0:106,0-127 (0 to +127),0 (4),Peak,patch,Peak 1.2 Manual / current Peak appendix base table,42,official_documented_unverified,enable_after_peak_nrpn_sequence_is_hardware_verified,
base-p42-144,Effects,Reverb Low Pass,NRPN,0:107,0-127 (0 to +127),0 (74),Peak,patch,Peak 1.2 Manual / current Peak appendix base table,42,official_documented_unverified,enable_after_peak_nrpn_sequence_is_hardware_verified,
base-p42-145,Effects,Reverb High Pass,NRPN,0:108,0-127 (0 to +127),0 (0),Peak,patch,Peak 1.2 Manual / current Peak appendix base table,42,official_documented_unverified,enable_after_peak_nrpn_sequence_is_hardware_verified,
base-p42-146,Effects,Reverb Pre Delay,NRPN,0:109,0-127 (0 to +127),40,Peak,patch,Peak 1.2 Manual / current Peak appendix base table,42,official_documented_unverified,enable_after_peak_nrpn_sequence_is_hardware_verified,
base-p42-147,Effects,Chorus Level,CC,105,0-127 (0 to +127),0 (0),Peak,patch,Peak 1.2 Manual / current Peak appendix base table,42,official_documented_unverified,enable_after_bidirectional_hardware_smoke_test,
base-p42-148,Effects,Chorus Type,NRPN,0:111,0-2 (0 to +2),2,Peak,patch,Peak 1.2 Manual / current Peak appendix base table,42,official_documented_unverified,enable_after_peak_nrpn_sequence_is_hardware_verified,
base-p42-149,Effects,Chorus Rate,CC,118,0-127 (0 to +127),20,Peak,patch,Peak 1.2 Manual / current Peak appendix base table,42,official_documented_unverified,enable_after_bidirectional_hardware_smoke_test,
base-p42-150,Effects,Chorus Mod Depth,NRPN,0:112,0-127 (0 to +127),0 (64),Peak,patch,Peak 1.2 Manual / current Peak appendix base table,42,official_documented_unverified,enable_after_peak_nrpn_sequence_is_hardware_verified,
base-p42-151,Effects,Chorus Feedback,CC,107,0-127 (-64 to +63),64,Peak,patch,Peak 1.2 Manual / current Peak appendix base table,42,official_documented_unverified,enable_after_bidirectional_hardware_smoke_test,
base-p42-152,Effects,Chorus LP,NRPN,0:113,0-127 (0 to +127),90,Peak,patch,Peak 1.2 Manual / current Peak appendix base table,42,official_documented_unverified,enable_after_peak_nrpn_sequence_is_hardware_verified,
base-p42-153,Effects,Chorus HP,NRPN,0:114,0-127 (0 to +127),2,Peak,patch,Peak 1.2 Manual / current Peak appendix base table,42,official_documented_unverified,enable_after_peak_nrpn_sequence_is_hardware_verified,
base-p42-154,ARP,Arp/Clock Rate,NA,NA:NA,40-240 (40 to +240),120,Peak,runtime_clock,Peak 1.2 Manual / current Peak appendix base table,42,official_documented_unverified,unsupported_no_documented_cc_or_nrpn_mapping,The official table marks transport/control as NA. Do not invent a mapping; external MIDI clock is a separate concern.
base-p42-155,ARP,Arp/Clock Sync Rate,NRPN,0:116,0-18 (0 to +18),16th,Peak,patch,Peak 1.2 Manual / current Peak appendix base table,42,official_documented_unverified,enable_after_peak_nrpn_sequence_is_hardware_verified,
base-p42-156,ARP,Arp/Clock Type,NRPN,0:117,0-6 (0 to +6),0 (0),Peak,patch,Peak 1.2 Manual / current Peak appendix base table,42,official_document_stale_after_2_1,blocked_until_chord2_numeric_code_is_hardware_verified,The table still says 0-6 although firmware 2.1 adds Chord 2. Existing codes should not be shifted without a capture.
base-p42-157,ARP,Arp/Clock Rhythm,NRPN,0:118,0-32 (0 to +32),0 (0),Peak,patch,Peak 1.2 Manual / current Peak appendix base table,42,official_documented_unverified,enable_after_peak_nrpn_sequence_is_hardware_verified,
base-p42-158,ARP,Arp/Clock Octave,NRPN,0:119,0-5 (0 to +5),1,Peak,patch,Peak 1.2 Manual / current Peak appendix base table,42,official_documented_unverified,enable_after_peak_nrpn_sequence_is_hardware_verified,
base-p42-159,ARP,Arp/Clock Gate,CC,116,0-127 (0 to +127),64,Peak,patch,Peak 1.2 Manual / current Peak appendix base table,42,official_documented_unverified,enable_after_bidirectional_hardware_smoke_test,
base-p42-160,ARP,Arp/Clock Swing,NRPN,0:120,20-80 (20 to +80),50,Peak,patch,Peak 1.2 Manual / current Peak appendix base table,42,official_documented_unverified,enable_after_peak_nrpn_sequence_is_hardware_verified,
base-p42-161,ARP,Arp/Clock On,NRPN,0:121,0-1 (0 to +1),0 (0),Peak,patch,Peak 1.2 Manual / current Peak appendix base table,42,official_documented_unverified,enable_after_peak_nrpn_sequence_is_hardware_verified,
base-p42-162,ARP,Arp/Clock Key Latch,NRPN,0:122,0-1 (0 to +1),0 (0),Peak,patch,Peak 1.2 Manual / current Peak appendix base table,42,official_documented_unverified,enable_after_peak_nrpn_sequence_is_hardware_verified,
base-p42-163,ARP,Arp/Clock Key Sync,NRPN,0:123,0-1 (0 to +1),0 (0),Peak,patch,Peak 1.2 Manual / current Peak appendix base table,42,official_document_conflict,blocked_until_boolean_value_behavior_is_hardware_verified,"The 1.2 PDF describes 0-1, while the current online table shows 0-127. Treat as semantic boolean and capture actual transmitted values."
base-p42-164,ARP,Animate 1 Hold,CC,114,0-1 (0 to +1),0 (0),Peak,patch,Peak 1.2 Manual / current Peak appendix base table,42,official_document_conflict,blocked_until_boolean_value_behavior_is_hardware_verified,"The 1.2 PDF describes 0-1, while the current online table shows 0-127. Treat as semantic boolean and capture actual transmitted values."
base-p42-165,ARP,Animate 2 Hold,CC,115,0-1 (0 to +1),0 (0),Peak,patch,Peak 1.2 Manual / current Peak appendix base table,42,official_document_conflict,blocked_until_boolean_value_behavior_is_hardware_verified,"The 1.2 PDF describes 0-1, while the current online table shows 0-127. Treat as semantic boolean and capture actual transmitted values."
base-p42-166,Mod Matrix,Mod Matrix Selection,NRPN,0:125,0-15 (0 to +15),0 (0),Peak,patch,Peak 1.2 Manual / current Peak appendix base table,42,official_documented_unverified,enable_after_peak_nrpn_sequence_is_hardware_verified,
base-p42-167,Mod Matrix,Mod Matrix 1 Source1,NRPN,1:0,0-16 (0 to +16),0 (0),Peak,patch,Peak 1.2 Manual / current Peak appendix base table,42,official_document_stale_after_2_1,blocked_until_firmware_2_1_source_enum_codes_are_captured,"The table still says 0-16, while the current appendix lists 25 source labels after firmware 2.1 additions."
base-p42-168,Mod Matrix,Mod Matrix 1 Source2,NRPN,1:1,0-16 (0 to +16),0 (0),Peak,patch,Peak 1.2 Manual / current Peak appendix base table,42,official_document_stale_after_2_1,blocked_until_firmware_2_1_source_enum_codes_are_captured,"The table still says 0-16, while the current appendix lists 25 source labels after firmware 2.1 additions."
base-p42-169,Mod Matrix,Mod Matrix 1 Depth,NRPN,1:2,0-127 (-64 to +63),64 (0),Peak,patch,Peak 1.2 Manual / current Peak appendix base table,42,official_documented_unverified,enable_after_peak_nrpn_sequence_is_hardware_verified,
base-p42-170,Mod Matrix,Mod Matrix 1 Destination,NRPN,1:3,0-36 (0 to +36),0 (0),Peak,patch,Peak 1.2 Manual / current Peak appendix base table,42,official_document_stale_after_2_1,blocked_until_firmware_2_1_destination_enum_codes_are_captured,"The table still says 0-36, while the current appendix lists substantially more destinations after firmware 2.1 additions."
base-p42-171,Mod Matrix,Mod Matrix 2 Source1,NRPN,2:0,0-16 (0 to +16),0 (0),Peak,patch,Peak 1.2 Manual / current Peak appendix base table,42,official_document_stale_after_2_1,blocked_until_firmware_2_1_source_enum_codes_are_captured,"The table still says 0-16, while the current appendix lists 25 source labels after firmware 2.1 additions."
base-p42-172,Mod Matrix,Mod Matrix 2 Source2,NRPN,2:1,0-16 (0 to +16),0 (0),Peak,patch,Peak 1.2 Manual / current Peak appendix base table,42,official_document_stale_after_2_1,blocked_until_firmware_2_1_source_enum_codes_are_captured,"The table still says 0-16, while the current appendix lists 25 source labels after firmware 2.1 additions."
base-p42-173,Mod Matrix,Mod Matrix 2 Depth,NRPN,2:2,0-127 (-64 to +63),64 (0),Peak,patch,Peak 1.2 Manual / current Peak appendix base table,42,official_documented_unverified,enable_after_peak_nrpn_sequence_is_hardware_verified,
base-p42-174,Mod Matrix,Mod Matrix 2 Destination,NRPN,2:3,0-36 (0 to +36),0 (0),Peak,patch,Peak 1.2 Manual / current Peak appendix base table,42,official_document_stale_after_2_1,blocked_until_firmware_2_1_destination_enum_codes_are_captured,"The table still says 0-36, while the current appendix lists substantially more destinations after firmware 2.1 additions."
base-p42-175,Mod Matrix,Mod Matrix 3 Source1,NRPN,3:0,0-16 (0 to +16),0 (0),Peak,patch,Peak 1.2 Manual / current Peak appendix base table,42,official_document_stale_after_2_1,blocked_until_firmware_2_1_source_enum_codes_are_captured,"The table still says 0-16, while the current appendix lists 25 source labels after firmware 2.1 additions."
base-p42-176,Mod Matrix,Mod Matrix 3 Source2,NRPN,3:1,0-16 (0 to +16),0 (0),Peak,patch,Peak 1.2 Manual / current Peak appendix base table,42,official_document_stale_after_2_1,blocked_until_firmware_2_1_source_enum_codes_are_captured,"The table still says 0-16, while the current appendix lists 25 source labels after firmware 2.1 additions."
base-p42-177,Mod Matrix,Mod Matrix 3 Depth,NRPN,3:2,0-127 (-64 to +63),64 (0),Peak,patch,Peak 1.2 Manual / current Peak appendix base table,42,official_documented_unverified,enable_after_peak_nrpn_sequence_is_hardware_verified,
base-p42-178,Mod Matrix,Mod Matrix 3 Destination,NRPN,3:3,0-36 (0 to +36),0 (0),Peak,patch,Peak 1.2 Manual / current Peak appendix base table,42,official_document_stale_after_2_1,blocked_until_firmware_2_1_destination_enum_codes_are_captured,"The table still says 0-36, while the current appendix lists substantially more destinations after firmware 2.1 additions."
base-p42-179,Mod Matrix,Mod Matrix 4 Source1,NRPN,4:0,0-16 (0 to +16),0 (0),Peak,patch,Peak 1.2 Manual / current Peak appendix base table,42,official_document_stale_after_2_1,blocked_until_firmware_2_1_source_enum_codes_are_captured,"The table still says 0-16, while the current appendix lists 25 source labels after firmware 2.1 additions."
base-p42-180,Mod Matrix,Mod Matrix 4 Source2,NRPN,4:1,0-16 (0 to +16),0 (0),Peak,patch,Peak 1.2 Manual / current Peak appendix base table,42,official_document_stale_after_2_1,blocked_until_firmware_2_1_source_enum_codes_are_captured,"The table still says 0-16, while the current appendix lists 25 source labels after firmware 2.1 additions."
base-p42-181,Mod Matrix,Mod Matrix 4 Depth,NRPN,4:2,0-127 (-64 to +63),64 (0),Peak,patch,Peak 1.2 Manual / current Peak appendix base table,42,official_documented_unverified,enable_after_peak_nrpn_sequence_is_hardware_verified,
base-p42-182,Mod Matrix,Mod Matrix 4 Destination,NRPN,4:3,0-36 (0 to +36),0 (0),Peak,patch,Peak 1.2 Manual / current Peak appendix base table,42,official_document_stale_after_2_1,blocked_until_firmware_2_1_destination_enum_codes_are_captured,"The table still says 0-36, while the current appendix lists substantially more destinations after firmware 2.1 additions."
base-p42-183,Mod Matrix,Mod Matrix 5 Source1,NRPN,5:0,0-16 (0 to +16),0 (0),Peak,patch,Peak 1.2 Manual / current Peak appendix base table,42,official_document_stale_after_2_1,blocked_until_firmware_2_1_source_enum_codes_are_captured,"The table still says 0-16, while the current appendix lists 25 source labels after firmware 2.1 additions."
base-p42-184,Mod Matrix,Mod Matrix 5 Source2,NRPN,5:1,0-16 (0 to +16),0 (0),Peak,patch,Peak 1.2 Manual / current Peak appendix base table,42,official_document_stale_after_2_1,blocked_until_firmware_2_1_source_enum_codes_are_captured,"The table still says 0-16, while the current appendix lists 25 source labels after firmware 2.1 additions."
base-p42-185,Mod Matrix,Mod Matrix 5 Depth,NRPN,5:2,0-127 (-64 to +63),64 (0),Peak,patch,Peak 1.2 Manual / current Peak appendix base table,42,official_documented_unverified,enable_after_peak_nrpn_sequence_is_hardware_verified,
base-p42-186,Mod Matrix,Mod Matrix 5 Destination,NRPN,5:3,0-36 (0 to +36),0 (0),Peak,patch,Peak 1.2 Manual / current Peak appendix base table,42,official_document_stale_after_2_1,blocked_until_firmware_2_1_destination_enum_codes_are_captured,"The table still says 0-36, while the current appendix lists substantially more destinations after firmware 2.1 additions."
base-p42-187,Mod Matrix,Mod Matrix 6 Source1,NRPN,6:0,0-16 (0 to +16),0 (0),Peak,patch,Peak 1.2 Manual / current Peak appendix base table,42,official_document_stale_after_2_1,blocked_until_firmware_2_1_source_enum_codes_are_captured,"The table still says 0-16, while the current appendix lists 25 source labels after firmware 2.1 additions."
base-p42-188,Mod Matrix,Mod Matrix 6 Source2,NRPN,6:1,0-16 (0 to +16),0 (0),Peak,patch,Peak 1.2 Manual / current Peak appendix base table,42,official_document_stale_after_2_1,blocked_until_firmware_2_1_source_enum_codes_are_captured,"The table still says 0-16, while the current appendix lists 25 source labels after firmware 2.1 additions."
base-p42-189,Mod Matrix,Mod Matrix 6 Depth,NRPN,6:2,0-127 (-64 to +63),64 (0),Peak,patch,Peak 1.2 Manual / current Peak appendix base table,42,official_documented_unverified,enable_after_peak_nrpn_sequence_is_hardware_verified,
base-p42-190,Mod Matrix,Mod Matrix 6 Destination,NRPN,6:3,0-36 (0 to +36),0 (0),Peak,patch,Peak 1.2 Manual / current Peak appendix base table,42,official_document_stale_after_2_1,blocked_until_firmware_2_1_destination_enum_codes_are_captured,"The table still says 0-36, while the current appendix lists substantially more destinations after firmware 2.1 additions."
base-p42-191,Mod Matrix,Mod Matrix 7 Source1,NRPN,7:0,0-16 (0 to +16),0 (0),Peak,patch,Peak 1.2 Manual / current Peak appendix base table,42,official_document_stale_after_2_1,blocked_until_firmware_2_1_source_enum_codes_are_captured,"The table still says 0-16, while the current appendix lists 25 source labels after firmware 2.1 additions."
base-p42-192,Mod Matrix,Mod Matrix 7 Source2,NRPN,7:1,0-16 (0 to +16),0 (0),Peak,patch,Peak 1.2 Manual / current Peak appendix base table,42,official_document_stale_after_2_1,blocked_until_firmware_2_1_source_enum_codes_are_captured,"The table still says 0-16, while the current appendix lists 25 source labels after firmware 2.1 additions."
base-p42-193,Mod Matrix,Mod Matrix 7 Depth,NRPN,7:2,0-127 (-64 to +63),64 (0),Peak,patch,Peak 1.2 Manual / current Peak appendix base table,42,official_documented_unverified,enable_after_peak_nrpn_sequence_is_hardware_verified,
base-p42-194,Mod Matrix,Mod Matrix 7 Destination,NRPN,7:3,0-36 (0 to +36),0 (0),Peak,patch,Peak 1.2 Manual / current Peak appendix base table,42,official_document_stale_after_2_1,blocked_until_firmware_2_1_destination_enum_codes_are_captured,"The table still says 0-36, while the current appendix lists substantially more destinations after firmware 2.1 additions."
base-p42-195,Mod Matrix,Mod Matrix 8 Source1,NRPN,8:0,0-16 (0 to +16),0 (0),Peak,patch,Peak 1.2 Manual / current Peak appendix base table,42,official_document_stale_after_2_1,blocked_until_firmware_2_1_source_enum_codes_are_captured,"The table still says 0-16, while the current appendix lists 25 source labels after firmware 2.1 additions."
base-p42-196,Mod Matrix,Mod Matrix 8 Source2,NRPN,8:1,0-16 (0 to +16),0 (0),Peak,patch,Peak 1.2 Manual / current Peak appendix base table,42,official_document_stale_after_2_1,blocked_until_firmware_2_1_source_enum_codes_are_captured,"The table still says 0-16, while the current appendix lists 25 source labels after firmware 2.1 additions."
base-p42-197,Mod Matrix,Mod Matrix 8 Depth,NRPN,8:2,0-127 (-64 to +63),64 (0),Peak,patch,Peak 1.2 Manual / current Peak appendix base table,42,official_documented_unverified,enable_after_peak_nrpn_sequence_is_hardware_verified,
base-p42-198,Mod Matrix,Mod Matrix 8 Destination,NRPN,8:3,0-36 (0 to +36),0 (0),Peak,patch,Peak 1.2 Manual / current Peak appendix base table,42,official_document_stale_after_2_1,blocked_until_firmware_2_1_destination_enum_codes_are_captured,"The table still says 0-36, while the current appendix lists substantially more destinations after firmware 2.1 additions."
base-p42-199,Mod Matrix,Mod Matrix 9 Source1,NRPN,9:0,0-16 (0 to +16),0 (0),Peak,patch,Peak 1.2 Manual / current Peak appendix base table,42,official_document_stale_after_2_1,blocked_until_firmware_2_1_source_enum_codes_are_captured,"The table still says 0-16, while the current appendix lists 25 source labels after firmware 2.1 additions."
base-p42-200,Mod Matrix,Mod Matrix 9 Source2,NRPN,9:1,0-16 (0 to +16),0 (0),Peak,patch,Peak 1.2 Manual / current Peak appendix base table,42,official_document_stale_after_2_1,blocked_until_firmware_2_1_source_enum_codes_are_captured,"The table still says 0-16, while the current appendix lists 25 source labels after firmware 2.1 additions."
base-p42-201,Mod Matrix,Mod Matrix 9 Depth,NRPN,9:2,0-127 (-64 to +63),64 (0),Peak,patch,Peak 1.2 Manual / current Peak appendix base table,42,official_documented_unverified,enable_after_peak_nrpn_sequence_is_hardware_verified,
base-p42-202,Mod Matrix,Mod Matrix 9 Destination,NRPN,9:3,0-36 (0 to +36),0 (0),Peak,patch,Peak 1.2 Manual / current Peak appendix base table,42,official_document_stale_after_2_1,blocked_until_firmware_2_1_destination_enum_codes_are_captured,"The table still says 0-36, while the current appendix lists substantially more destinations after firmware 2.1 additions."
base-p42-203,Mod Matrix,Mod Matrix 10 Source1,NRPN,10:0,0-16 (0 to +16),0 (0),Peak,patch,Peak 1.2 Manual / current Peak appendix base table,42,official_document_stale_after_2_1,blocked_until_firmware_2_1_source_enum_codes_are_captured,"The table still says 0-16, while the current appendix lists 25 source labels after firmware 2.1 additions."
base-p42-204,Mod Matrix,Mod Matrix 10 Source2,NRPN,10:1,0-16 (0 to +16),0 (0),Peak,patch,Peak 1.2 Manual / current Peak appendix base table,42,official_document_stale_after_2_1,blocked_until_firmware_2_1_source_enum_codes_are_captured,"The table still says 0-16, while the current appendix lists 25 source labels after firmware 2.1 additions."
base-p42-205,Mod Matrix,Mod Matrix 10 Depth,NRPN,10:2,0-127 (-64 to +63),64 (0),Peak,patch,Peak 1.2 Manual / current Peak appendix base table,42,official_documented_unverified,enable_after_peak_nrpn_sequence_is_hardware_verified,
base-p42-206,Mod Matrix,Mod Matrix 10 Destination,NRPN,10:3,0-36 (0 to +36),0 (0),Peak,patch,Peak 1.2 Manual / current Peak appendix base table,42,official_document_stale_after_2_1,blocked_until_firmware_2_1_destination_enum_codes_are_captured,"The table still says 0-36, while the current appendix lists substantially more destinations after firmware 2.1 additions."
base-p42-207,Mod Matrix,Mod Matrix 11 Source1,NRPN,11:0,0-16 (0 to +16),0 (0),Peak,patch,Peak 1.2 Manual / current Peak appendix base table,42,official_document_stale_after_2_1,blocked_until_firmware_2_1_source_enum_codes_are_captured,"The table still says 0-16, while the current appendix lists 25 source labels after firmware 2.1 additions."
base-p42-208,Mod Matrix,Mod Matrix 11 Source2,NRPN,11:1,0-16 (0 to +16),0 (0),Peak,patch,Peak 1.2 Manual / current Peak appendix base table,42,official_document_stale_after_2_1,blocked_until_firmware_2_1_source_enum_codes_are_captured,"The table still says 0-16, while the current appendix lists 25 source labels after firmware 2.1 additions."
base-p42-209,Mod Matrix,Mod Matrix 11 Depth,NRPN,11:2,0-127 (-64 to +63),64 (0),Peak,patch,Peak 1.2 Manual / current Peak appendix base table,42,official_documented_unverified,enable_after_peak_nrpn_sequence_is_hardware_verified,
base-p42-210,Mod Matrix,Mod Matrix 11 Destination,NRPN,11:3,0-36 (0 to +36),0 (0),Peak,patch,Peak 1.2 Manual / current Peak appendix base table,42,official_document_stale_after_2_1,blocked_until_firmware_2_1_destination_enum_codes_are_captured,"The table still says 0-36, while the current appendix lists substantially more destinations after firmware 2.1 additions."
base-p42-211,Mod Matrix,Mod Matrix 12 Source1,NRPN,12:0,0-16 (0 to +16),0 (0),Peak,patch,Peak 1.2 Manual / current Peak appendix base table,42,official_document_stale_after_2_1,blocked_until_firmware_2_1_source_enum_codes_are_captured,"The table still says 0-16, while the current appendix lists 25 source labels after firmware 2.1 additions."
base-p42-212,Mod Matrix,Mod Matrix 12 Source2,NRPN,12:1,0-16 (0 to +16),0 (0),Peak,patch,Peak 1.2 Manual / current Peak appendix base table,42,official_document_stale_after_2_1,blocked_until_firmware_2_1_source_enum_codes_are_captured,"The table still says 0-16, while the current appendix lists 25 source labels after firmware 2.1 additions."
base-p43-213,Mod Matrix,Mod Matrix 12 Depth,NRPN,12:2,0-127 (-64 to +63),64 (0),Peak,patch,Peak 1.2 Manual / current Peak appendix base table,43,official_documented_unverified,enable_after_peak_nrpn_sequence_is_hardware_verified,
base-p43-214,Mod Matrix,Mod Matrix 12 Destination,NRPN,12:3,0-36 (0 to +36),0 (0),Peak,patch,Peak 1.2 Manual / current Peak appendix base table,43,official_document_stale_after_2_1,blocked_until_firmware_2_1_destination_enum_codes_are_captured,"The table still says 0-36, while the current appendix lists substantially more destinations after firmware 2.1 additions."
base-p43-215,Mod Matrix,Mod Matrix 13 Source1,NRPN,13:0,0-16 (0 to +16),0 (0),Peak,patch,Peak 1.2 Manual / current Peak appendix base table,43,official_document_stale_after_2_1,blocked_until_firmware_2_1_source_enum_codes_are_captured,"The table still says 0-16, while the current appendix lists 25 source labels after firmware 2.1 additions."
base-p43-216,Mod Matrix,Mod Matrix 13 Source2,NRPN,13:1,0-16 (0 to +16),0 (0),Peak,patch,Peak 1.2 Manual / current Peak appendix base table,43,official_document_stale_after_2_1,blocked_until_firmware_2_1_source_enum_codes_are_captured,"The table still says 0-16, while the current appendix lists 25 source labels after firmware 2.1 additions."
base-p43-217,Mod Matrix,Mod Matrix 13 Depth,NRPN,13:2,0-127 (-64 to +63),64 (0),Peak,patch,Peak 1.2 Manual / current Peak appendix base table,43,official_documented_unverified,enable_after_peak_nrpn_sequence_is_hardware_verified,
base-p43-218,Mod Matrix,Mod Matrix 13 Destination,NRPN,13:3,0-36 (0 to +36),0 (0),Peak,patch,Peak 1.2 Manual / current Peak appendix base table,43,official_document_stale_after_2_1,blocked_until_firmware_2_1_destination_enum_codes_are_captured,"The table still says 0-36, while the current appendix lists substantially more destinations after firmware 2.1 additions."
base-p43-219,Mod Matrix,Mod Matrix 14 Source1,NRPN,14:0,0-16 (0 to +16),0 (0),Peak,patch,Peak 1.2 Manual / current Peak appendix base table,43,official_document_stale_after_2_1,blocked_until_firmware_2_1_source_enum_codes_are_captured,"The table still says 0-16, while the current appendix lists 25 source labels after firmware 2.1 additions."
base-p43-220,Mod Matrix,Mod Matrix 14 Source2,NRPN,14:1,0-16 (0 to +16),0 (0),Peak,patch,Peak 1.2 Manual / current Peak appendix base table,43,official_document_stale_after_2_1,blocked_until_firmware_2_1_source_enum_codes_are_captured,"The table still says 0-16, while the current appendix lists 25 source labels after firmware 2.1 additions."
base-p43-221,Mod Matrix,Mod Matrix 14 Depth,NRPN,14:2,0-127 (-64 to +63),64 (0),Peak,patch,Peak 1.2 Manual / current Peak appendix base table,43,official_documented_unverified,enable_after_peak_nrpn_sequence_is_hardware_verified,
base-p43-222,Mod Matrix,Mod Matrix 14 Destination,NRPN,14:3,0-36 (0 to +36),0 (0),Peak,patch,Peak 1.2 Manual / current Peak appendix base table,43,official_document_stale_after_2_1,blocked_until_firmware_2_1_destination_enum_codes_are_captured,"The table still says 0-36, while the current appendix lists substantially more destinations after firmware 2.1 additions."
base-p43-223,Mod Matrix,Mod Matrix 15 Source1,NRPN,15:0,0-16 (0 to +16),0 (0),Peak,patch,Peak 1.2 Manual / current Peak appendix base table,43,official_document_stale_after_2_1,blocked_until_firmware_2_1_source_enum_codes_are_captured,"The table still says 0-16, while the current appendix lists 25 source labels after firmware 2.1 additions."
base-p43-224,Mod Matrix,Mod Matrix 15 Source2,NRPN,15:1,0-16 (0 to +16),0 (0),Peak,patch,Peak 1.2 Manual / current Peak appendix base table,43,official_document_stale_after_2_1,blocked_until_firmware_2_1_source_enum_codes_are_captured,"The table still says 0-16, while the current appendix lists 25 source labels after firmware 2.1 additions."
base-p43-225,Mod Matrix,Mod Matrix 15 Depth,NRPN,15:2,0-127 (-64 to +63),64 (0),Peak,patch,Peak 1.2 Manual / current Peak appendix base table,43,official_documented_unverified,enable_after_peak_nrpn_sequence_is_hardware_verified,
base-p43-226,Mod Matrix,Mod Matrix 15 Destination,NRPN,15:3,0-36 (0 to +36),0 (0),Peak,patch,Peak 1.2 Manual / current Peak appendix base table,43,official_document_stale_after_2_1,blocked_until_firmware_2_1_destination_enum_codes_are_captured,"The table still says 0-36, while the current appendix lists substantially more destinations after firmware 2.1 additions."
base-p43-227,Mod Matrix,Mod Matrix 16 Source1,NRPN,16:0,0-16 (0 to +16),0 (0),Peak,patch,Peak 1.2 Manual / current Peak appendix base table,43,official_document_stale_after_2_1,blocked_until_firmware_2_1_source_enum_codes_are_captured,"The table still says 0-16, while the current appendix lists 25 source labels after firmware 2.1 additions."
base-p43-228,Mod Matrix,Mod Matrix 16 Source2,NRPN,16:1,0-16 (0 to +16),0 (0),Peak,patch,Peak 1.2 Manual / current Peak appendix base table,43,official_document_stale_after_2_1,blocked_until_firmware_2_1_source_enum_codes_are_captured,"The table still says 0-16, while the current appendix lists 25 source labels after firmware 2.1 additions."
base-p43-229,Mod Matrix,Mod Matrix 16 Depth,NRPN,16:2,0-127 (-64 to +63),64 (0),Peak,patch,Peak 1.2 Manual / current Peak appendix base table,43,official_documented_unverified,enable_after_peak_nrpn_sequence_is_hardware_verified,
base-p43-230,Mod Matrix,Mod Matrix 16 Destination,NRPN,16:3,0-36,0,Peak,patch,Peak 1.2 Manual / current Peak appendix base table,43,official_document_stale_after_2_1,blocked_until_firmware_2_1_destination_enum_codes_are_captured,"The table still says 0-36, while the current appendix lists substantially more destinations after firmware 2.1 additions."
addendum-p18-01,Voice,Pan Posn,NRPN,0:51,0-127,0,Peak and Summit,patch,Summit and Peak Firmware 2.1 Addendum,18,official_document_needs_value_transform_verification,blocked_until_pan_raw_to_display_transform_is_captured,"Feature text displays -64..+63, while the MIDI table gives raw 0..127 and default 0. Do not assume an offset or default representation."
addendum-p18-02,Voice,Pan Type,NRPN,0:52,0-3,0,Peak and Summit,patch,Summit and Peak Firmware 2.1 Addendum,18,official_documented_unverified,enable_after_peak_nrpn_sequence_is_hardware_verified,
addendum-p18-03,Voice,Spread,NRPN,0:5,0-127,0,Peak and Summit,patch,Summit and Peak Firmware 2.1 Addendum,18,official_duplicate_mapping,enable_after_peak_nrpn_sequence_is_hardware_verified,Same NRPN as the base Voice Unison Spread entry. Canonicalize as one amount parameter and keep both source labels as aliases.
addendum-p18-04,Effects,Chorus/Phaser/Flanger,NRPN,0:115,0-2,0,Peak and Summit,patch,Summit and Peak Firmware 2.1 Addendum,18,official_document_naming_conflict,blocked_until_mode_codes_and_labels_are_hardware_verified,The table says Chorus/Phaser/Flanger; feature prose and current guide say Chorus/Flanger/Phlanger.
addendum-p18-05,Effects,Lo-Fi Delay Time Mode,NRPN,0:98,0-4,0,Peak and Summit,patch,Summit and Peak Firmware 2.1 Addendum,18,official_documented_unverified,enable_after_peak_nrpn_sequence_is_hardware_verified,
addendum-p18-06,Oscillators,Select Tuning Table,NRPN,25:6,0-16,0,Peak and Summit,patch,Summit and Peak Firmware 2.1 Addendum,18,official_documented_unverified,enable_after_peak_nrpn_sequence_is_hardware_verified,
addendum-p18-07,ARP,Arp Chance,NRPN,25:33,01-100,100,Peak and Summit,patch,Summit and Peak Firmware 2.1 Addendum,18,official_document_range_conflict,blocked_until_minimum_and_raw_behavior_are_hardware_verified,"The table says 01-100, firmware prose says 10-100, and the current guide heading says 0-100 while its prose says 10-100."
addendum-p18-08,Envelopes,Animate 1 Att,NRPN,25:34,0-127,0,Peak and Summit,patch,Summit and Peak Firmware 2.1 Addendum,18,official_documented_unverified,enable_after_peak_nrpn_sequence_is_hardware_verified,
addendum-p18-09,Envelopes,Animate 1 Rel,NRPN,25:35,0-127,0,Peak and Summit,patch,Summit and Peak Firmware 2.1 Addendum,18,official_documented_unverified,enable_after_peak_nrpn_sequence_is_hardware_verified,
addendum-p18-10,Envelopes,Animate 2 Att,NRPN,25:36,0-127,0,Peak and Summit,patch,Summit and Peak Firmware 2.1 Addendum,18,official_documented_unverified,enable_after_peak_nrpn_sequence_is_hardware_verified,
addendum-p18-11,Envelopes,Animate 2 Rel,NRPN,25:37,0-127,0,Peak and Summit,patch,Summit and Peak Firmware 2.1 Addendum,18,official_documented_unverified,enable_after_peak_nrpn_sequence_is_hardware_verified,
addendum-p18-12,LFOs,LFO3Phase,NRPN,25:38,0-120,0,Peak and Summit,patch,Summit and Peak Firmware 2.1 Addendum,18,official_documented_unverified,enable_after_peak_nrpn_sequence_is_hardware_verified,
addendum-p18-13,LFOs,LFO3Slew,NRPN,25:39,0-127,0,Peak and Summit,patch,Summit and Peak Firmware 2.1 Addendum,18,official_documented_unverified,enable_after_peak_nrpn_sequence_is_hardware_verified,
addendum-p18-14,LFOs,LFO3FadeTime,NRPN,25:40,0-127,0,Peak and Summit,patch,Summit and Peak Firmware 2.1 Addendum,18,official_documented_unverified,enable_after_peak_nrpn_sequence_is_hardware_verified,
addendum-p18-15,LFOs,LFO4Phase,NRPN,25:41,0-120,0,Peak and Summit,patch,Summit and Peak Firmware 2.1 Addendum,18,official_documented_unverified,enable_after_peak_nrpn_sequence_is_hardware_verified,
addendum-p18-16,LFOs,LFO4Slew,NRPN,25:42,0-127,0,Peak and Summit,patch,Summit and Peak Firmware 2.1 Addendum,18,official_documented_unverified,enable_after_peak_nrpn_sequence_is_hardware_verified,
addendum-p18-17,LFOs,LFO4FadeTime,NRPN,25:43,0-127,0,Peak and Summit,patch,Summit and Peak Firmware 2.1 Addendum,18,official_documented_unverified,enable_after_peak_nrpn_sequence_is_hardware_verified,
addendum-p18-18,Settings,Atouch Scale,NRPN,64:3,1-10,5,Summit only; exclude from Peak profile,global,Summit and Peak Firmware 2.1 Addendum,18,official_summit_only,exclude_from_peak_build,The addendum places this under features exclusive to Summit.
addendum-p18-19,Settings,Patch Cue,NRPN,64:0,0-1,0,Peak and Summit,global,Summit and Peak Firmware 2.1 Addendum,18,official_documented_unverified,enable_after_peak_nrpn_sequence_is_hardware_verified,"Global Settings parameter, not part of a patch. Keep outside PatchState."
addendum-p15-fm-1,Oscillators,FM Oscillator 3 to Oscillator 1 Manual Amount,NRPN,25:13,0-127 (0 to +127),,Peak and Summit,patch,Summit and Peak Firmware 2.1 Addendum,15,official_documented_unverified,enable_after_peak_nrpn_sequence_is_hardware_verified,Firmware 2.1 states these controls now send and respond to these NRPN messages.
addendum-p15-fm-2,Oscillators,FM Oscillator 1 to Oscillator 2 Manual Amount,NRPN,25:17,0-127 (0 to +127),,Peak and Summit,patch,Summit and Peak Firmware 2.1 Addendum,15,official_documented_unverified,enable_after_peak_nrpn_sequence_is_hardware_verified,Firmware 2.1 states these controls now send and respond to these NRPN messages.
addendum-p15-fm-3,Oscillators,FM Oscillator 2 to Oscillator 3 Manual Amount,NRPN,25:21,0-127 (0 to +127),,Peak and Summit,patch,Summit and Peak Firmware 2.1 Addendum,15,official_documented_unverified,enable_after_peak_nrpn_sequence_is_hardware_verified,Firmware 2.1 states these controls now send and respond to these NRPN messages.
